[
{
    "model": "accounts.user",
    "pk": 2,
    "fields": {
        "password": "pbkdf2_sha256$600000$OeOwxxwBWltLzYaGyfStnY$boASyUw4V8NOc7n8Pim838nirIR/nD0CjUvLI1vFnnU=",
        "last_login": null,
        "is_superuser": false,
        "first_name": "",
        "is_staff": false,
        "is_active": true,
        "date_joined": "2024-07-04T20:06:04.069Z",
        "email": "user1@example.com",
        "username": "Иван",
        "last_name": "Иванович",
        "middle_name": "Иванов",
        "phone": 89996663322,
        "avatar": "",
        "birth_date": null,
        "is_seller": true,
        "groups": [],
        "user_permissions": []
    }
},
{
    "model": "accounts.user",
    "pk": 3,
    "fields": {
        "password": "pbkdf2_sha256$600000$OeOwxxwBWltLzYaGyfStnY$boASyUw4V8NOc7n8Pim838nirIR/nD0CjUvLI1vFnnU=",
        "last_login": null,
        "is_superuser": false,
        "first_name": "",
        "is_staff": false,
        "is_active": true,
        "date_joined": "2024-07-04T20:06:04.069Z",
        "email": "seller1@example.com",
        "username": "seller1",
        "last_name": null,
        "middle_name": null,
        "phone": null,
        "avatar": "",
        "birth_date": null,
        "is_seller": true,
        "groups": [],
        "user_permissions": []
    }
},
{
    "model": "accounts.user",
    "pk": 4,
    "fields": {
        "password": "pbkdf2_sha256$260000$2f2f3e868c6346a7bf1095832e4a5f59$55997d5924d2cf0116c2e50e963cdafc17bc9eb2ee0bed70810b6a34032ff152",
        "last_login": null,
        "is_superuser": false,
        "first_name": "",
        "is_staff": false,
        "is_active": true,
        "date_joined": "2024-07-04T20:06:04.069Z",
        "email": "seller2@example.com",
        "username": "seller2",
        "last_name": null,
        "middle_name": null,
        "phone": null,
        "avatar": "",
        "birth_date": null,
        "is_seller": true,
        "groups": [],
        "user_permissions": []
    }
},
{
    "model": "accounts.user",
    "pk": 5,
    "fields": {
        "password": "pbkdf2_sha256$260000$2f2f3e868c6346a7bf1095832e4a5f59$55997d5924d2cf0116c2e50e963cdafc17bc9eb2ee0bed70810b6a34032ff153",
        "last_login": null,
        "is_superuser": false,
        "first_name": "",
        "is_staff": false,
        "is_active": true,
        "date_joined": "2024-07-04T20:06:04.070Z",
        "email": "seller3@example.com",
        "username": "seller3",
        "last_name": null,
        "middle_name": null,
        "phone": null,
        "avatar": "",
        "birth_date": null,
        "is_seller": true,
        "groups": [],
        "user_permissions": []
    }
},
{
    "model": "accounts.user",
    "pk": 6,
    "fields": {
        "password": "pbkdf2_sha256$260000$2f2f3e868c6346a7bf1095832e4a5f59$55997d5924d2cf0116c2e50e963cdafc17bc9eb2ee0bed70810b6a34032ff154",
        "last_login": null,
        "is_superuser": false,
        "first_name": "",
        "is_staff": false,
        "is_active": true,
        "date_joined": "2024-07-04T20:06:04.070Z",
        "email": "seller4@example.com",
        "username": "seller4",
        "last_name": null,
        "middle_name": null,
        "phone": null,
        "avatar": "",
        "birth_date": null,
        "is_seller": true,
        "groups": [],
        "user_permissions": []
    }
},
{
    "model": "accounts.user",
    "pk": 7,
    "fields": {
        "password": "pbkdf2_sha256$260000$2f2f3e868c6346a7bf1095832e4a5f59$55997d5924d2cf0116c2e50e963cdafc17bc9eb2ee0bed70810b6a34032ff155",
        "last_login": null,
        "is_superuser": false,
        "first_name": "",
        "is_staff": false,
        "is_active": true,
        "date_joined": "2024-07-04T20:06:04.070Z",
        "email": "seller5@example.com",
        "username": "seller5",
        "last_name": null,
        "middle_name": null,
        "phone": null,
        "avatar": "",
        "birth_date": null,
        "is_seller": true,
        "groups": [],
        "user_permissions": []
    }
},
{
    "model": "shop.category",
    "pk": 1,
    "fields": {
        "name": "Телевизоры",
        "parent": null,
        "icon": "catalog-menu/1.svg"
    }
},
{
    "model": "shop.category",
    "pk": 2,
    "fields": {
        "name": "Наушники",
        "parent": null,
        "icon": "catalog-menu/2.svg"
    }
},
{
    "model": "shop.category",
    "pk": 3,
    "fields": {
        "name": "Техника для дома",
        "parent": null,
        "icon": "catalog-menu/3.svg"
    }
},
{
    "model": "shop.category",
    "pk": 4,
    "fields": {
        "name": "Электроинструмент",
        "parent": null,
        "icon": "catalog-menu/13.svg"
    }
},
{
    "model": "shop.category",
    "pk": 5,
    "fields": {
        "name": "Ноутбуки и компьютеры",
        "parent": null,
        "icon": "catalog-menu/1.svg"
    }
},
{
    "model": "shop.category",
    "pk": 6,
    "fields": {
        "name": "Фотоаппараты",
        "parent": null,
        "icon": "catalog-menu/6.svg"
    }
},
{
    "model": "shop.category",
    "pk": 7,
    "fields": {
        "name": "Смартфоны и гаджеты",
        "parent": null,
        "icon": "catalog-menu/8.svg"
    }
},
{
    "model": "shop.category",
    "pk": 8,
    "fields": {
        "name": "Микроволновые печи",
        "parent": null,
        "icon": "catalog-menu/7.svg"
    }
},
{
    "model": "shop.category",
    "pk": 9,
    "fields": {
        "name": "Кухонная техника",
        "parent": null,
        "icon": "catalog-menu/7.svg"
    }
},
{
    "model": "shop.category",
    "pk": 10,
    "fields": {
        "name": "Светильники напольные",
        "parent": null,
        "icon": "catalog-menu/11.svg"
    }
},
{
    "model": "shop.category",
    "pk": 11,
    "fields": {
        "name": "Радиоуправляемые устройства",
        "parent": null,
        "icon": "catalog-menu/14.svg"
    }
},
{
    "model": "shop.category",
    "pk": 12,
    "fields": {
        "name": "Стиральные машины",
        "parent": 3,
        "icon": ""
    }
},
{
    "model": "shop.category",
    "pk": 13,
    "fields": {
        "name": "Пылесосы",
        "parent": 3,
        "icon": ""
    }
},
{
    "model": "shop.category",
    "pk": 14,
    "fields": {
        "name": "Кондиционеры",
        "parent": 3,
        "icon": ""
    }
},
{
    "model": "shop.category",
    "pk": 15,
    "fields": {
        "name": "Дрели и шуруповерты",
        "parent": 4,
        "icon": ""
    }
},
{
    "model": "shop.category",
    "pk": 16,
    "fields": {
        "name": "Перфораторы",
        "parent": 4,
        "icon": ""
    }
},
{
    "model": "shop.category",
    "pk": 17,
    "fields": {
        "name": "Газонокосилки и триммеры",
        "parent": 4,
        "icon": ""
    }
},
{
    "model": "shop.category",
    "pk": 18,
    "fields": {
        "name": "Ноутбуки",
        "parent": 5,
        "icon": ""
    }
},
{
    "model": "shop.category",
    "pk": 19,
    "fields": {
        "name": "Мониторы",
        "parent": 5,
        "icon": ""
    }
},
{
    "model": "shop.category",
    "pk": 20,
    "fields": {
        "name": "Компьютерные комплектующие",
        "parent": 5,
        "icon": ""
    }
},
{
    "model": "shop.category",
    "pk": 21,
    "fields": {
        "name": "Видеокарты",
        "parent": 5,
        "icon": ""
    }
},
{
    "model": "shop.category",
    "pk": 22,
    "fields": {
        "name": "Смартфоны, мобильные телефоны",
        "parent": 7,
        "icon": ""
    }
},
{
    "model": "shop.category",
    "pk": 23,
    "fields": {
        "name": "Смарт-часы и фитнес-браслеты",
        "parent": 7,
        "icon": ""
    }
},
{
    "model": "shop.category",
    "pk": 24,
    "fields": {
        "name": "Аксессуары для телефонов",
        "parent": 7,
        "icon": ""
    }
},
{
    "model": "shop.category",
    "pk": 25,
    "fields": {
        "name": "Зарядные устройства",
        "parent": 7,
        "icon": ""
    }
},
{
    "model": "shop.category",
    "pk": 26,
    "fields": {
        "name": "Карты памяти",
        "parent": 7,
        "icon": ""
    }
},
{
    "model": "shop.category",
    "pk": 27,
    "fields": {
        "name": "Электрочайники",
        "parent": 9,
        "icon": ""
    }
},
{
    "model": "shop.category",
    "pk": 28,
    "fields": {
        "name": "Кухонные весы",
        "parent": 9,
        "icon": ""
    }
},
{
    "model": "shop.category",
    "pk": 29,
    "fields": {
        "name": "Квадрокоптеры",
        "parent": 11,
        "icon": ""
    }
},
{
    "model": "shop.category",
    "pk": 30,
    "fields": {
        "name": "Радиоуправляемые роботы",
        "parent": 11,
        "icon": ""
    }
},
{
    "model": "shop.product",
    "pk": 1,
    "fields": {
        "name": "Телевизор LED DEXP F43H7000E черный",
        "description": "Телевизор LED DEXP F43H7000E предлагает востребованные функции для повседневного просмотра каналов. Он выполнен в корпусе с тонкой рамкой и устойчивой подставкой. На экране 43 дюйма FullHD отображается реалистичная картинка с четкостью воспроизведения деталей. Подсветка Direct LED обеспечивает передачу естественных и насыщенных оттенков.\r\nDEXP F43H7000E поддерживает диапазоны цифрового вещания DVB-C, DVB-S2, DVB-T, DVB-T2. С боковых сторон расположен ряд разъемов: 3 видеовыхода HDMI, 2 порта USB, входы для аудио. Качественный звук формируется двумя динамиками выходной мощностью 10 Вт.",
        "preview": "shop/product_1/preview/телевизор1.jpg",
        "category": 1,
        "available": true
    }
},
{
    "model": "shop.product",
    "pk": 2,
    "fields": {
        "name": "Телевизор LED Samsung LT32E315EX черный",
        "description": "Телевизор LED Samsung LT32E315EX представлен в черном корпусе с диагональю экрана 32\" (80 см). Он обладает базовыми функциями, позволяющими смотреть телеканалы в цифровом формате вещания. Для этого аппарат использует встроенные цифровые тюнеры DVB-T, DVB-T2, DVB-C: телеканалы доступны после автопоиска. Благодаря разъемам HDMI и USB вы получаете возможность подключать дополнительно видео технику, цифровые и мобильные устройства, чтобы воспроизводить непосредственно с них мультимедиа контент.\r\nДля установки Samsung LT32E315EX на поверхность используется устойчивая подставка. Наличие крепежных отверстий, соответствующих стандарту крепления VESA 200x200, на задней стороне корпуса открывают возможность фиксации аппарата на стене. Этот вариант будет наиболее оптимальным для пользователей, которые хотят сэкономить место в комнате. К тому же, при выборе функционального кронштейна можно будет регулировать положение экрана для более комфортного обзора. Изображение на экране обретает разрешение 1920x1080 благодаря формату Full HD.",
        "preview": "shop/product_2/preview/телевизор1.jpg",
        "category": 1,
        "available": true
    }
},
{
    "model": "shop.product",
    "pk": 3,
    "fields": {
        "name": "Телевизор LED Xiaomi MI TV A2 43 черный",
        "description": "Благодаря изысканной металлической рамке и цельной конструкции Xiaomi TV A2 43 станет яркой деталью в любом интерьере. Дисплей 4K Ultra HD премиум-класса с технологией MEMC позволяет просматривать изображения в мельчайших деталях. Технология Motion Estimation, Motion Compensation (MEMC) делает изображения с высокой скоростью движения более плавными, обеспечивая просмотр без компромиссов. Это значит, что вы сможете запечатлеть больше прекрасных моментов, будь то спортивные соревнования, боевик или гоночная игра. Наслаждайтесь функционалом Smart TV на базе Android TV и встроенным Google Ассистентом. Конструкция с ультратонкой рамкой обеспечивает высокое соотношение размера экрана и корпуса, значительно превосходящее соотношение стандартных телевизоров. 2 стереодинамика мощностью по 12 Вт с технологиями Dolby Audio и DTS HD наполняют комнату насыщенными высокими и низкими частотами и обеспечивают объемное звучание.",
        "preview": "shop/product_3/preview/телевизор1.jpg",
        "category": 1,
        "available": true
    }
},
{
    "model": "shop.product",
    "pk": 4,
    "fields": {
        "name": "Телевизор LED TCL 65C735 черный",
        "description": "Телевизор LED TCL 65C735 привлекает внимание элегантным дизайном со съемной центральной подставкой и огромным 65-дюймовым экраном с 4K-разрешением. Встроенные технологии HDR улучшают яркость и передачу цвета, позволяют легко рассматривать оттенки, детали в светлых и темных сценах. Динамики с объемным многоканальным звуком доставляют максимум удовольствия от просмотра любимых фильмов.\r\nTCL 65C735 со Smart TV дополнен голосовым поиском и виртуальным ассистентом. Простая навигация по меню упрощает доступ к настройкам и установленным приложениям. Игровой телевизор с мощным процессором успешно заменяет монитор при подключении ПК через HDMI, точно отображает эффекты компьютерной графики и создает ощущение полного погружения.",
        "preview": "shop/product_4/preview/телевизор1.jpg",
        "category": 1,
        "available": true
    }
},
{
    "model": "shop.product",
    "pk": 5,
    "fields": {
        "name": "Телевизор LED Samsung UE32T5300AUXRU черный",
        "description": "Телевизор LED Samsung UE32T5300AUXRU представлен в черном корпусе с диагональю экрана 32\" (80 см) и устанавливается на подставку, состоящую из двух элементов, расположенным по бокам. Для того чтобы начать пользование аппаратом, достаточно включить поиск программ. Вам не потребуется приобретать отдельно цифровую приставку, ведь на устройстве уже установлены тюнеры вещания, соответствующие стандартам DVB-T, DVB-C, а также DVB-T2 и DVB-S.\r\nИзображение на экране приобретает разрешение 1920х1080, которое соответствует формату Full HD. Объемное звучание на Samsung UE32T5300AUXRU обеспечивают динамики мощностью 10 Вт и технология Dolby Digital Plus: вы получаете громкий, насыщенный звук, который способствует погружению в происходящее на экране. Особенность аппарата в поддержке Wi-Fi, открывающего доступ к Smart TV. Система Tizen дает массу преимуществ пользователю, позволяя устройству работать быстрее, не тратя много времени на обработку процессов. Порт USB позволит подключать мобильную технику и накопители, а HDMI – видеотехнику.",
        "preview": "shop/product_5/preview/телевизор1.jpg",
        "category": 1,
        "available": true
    }
},
{
    "model": "shop.product",
    "pk": 6,
    "fields": {
        "name": "Наушники накладные Bluetooth JBL Tune 520BT Black",
        "description": "Накладные Bluetooth-наушники JBL Tune 520BT в черном цветовом исполнении поддерживают подключение на расстоянии 15 м благодаря беспроводному модулю версии 5.3. Корпус выполнен из пластика, защищен от попадания влаги и дополнен амбушюрами из искусственной кожи. Оголовник модели получил складную конструкцию.",
        "preview": "shop/product_6/preview/наушники2.jpeg",
        "category": 2,
        "available": true
    }
},
{
    "model": "shop.product",
    "pk": 7,
    "fields": {
        "name": "Наушники полноразмерные Bluetooth Apple AirPods Max Green (MGYN3RU/A)",
        "description": "AirPods Max полностью меняют представление о полноразмерных наушниках. Драйвер, разработанный Apple, способен воспроизводить звук высокой чёткости. Каждая деталь, от оголовья до амбушюров, разработана для полного комфорта. Передовая функция активного шумоподавления блокирует внешние шумы, а «Прозрачный режим» позволяет слышать окружающий мир.",
        "preview": "shop/product_7/preview/наушники2.jpeg",
        "category": 2,
        "available": true
    }
},
{
    "model": "shop.product",
    "pk": 8,
    "fields": {
        "name": "Наушники Apple AirPods Pro 2nd generation MagSafe Case USB-C (MTJV3)",
        "description": "Наушники Apple AirPods Pro (MTJV3) — модель типа вкладыши в корпус из пластика, амбушюры сделаны из силикона. Благодаря стандарту IPX4 модель не боится попадания воды. Девайс поддерживает опцию беспроводного соединения с источником звука за счет наличия встроенного Bluetooth-адаптера версии 5.3. Радиус действия работы достигает 10 м, что дает возможность свободно перемещаться по квартире без смартфона в руке. Управление параметрами производится посредством сенсорной панели.",
        "preview": "shop/product_8/preview/наушники1.jpg",
        "category": 2,
        "available": true
    }
},
{
    "model": "shop.product",
    "pk": 9,
    "fields": {
        "name": "Наушники True Wireless HUAWEI Freebuds 5i Nebula Black (T0014)",
        "description": "Наушники True Wireless Huawei Freebuds 5i Nebula Black (T0014) поставляются с тремя парами силиконовых насадок разного размера. Амбушюры позволяют выбрать наиболее комфортный вариант и обеспечивают максимальное прилегание к ушной раковине. Динамики диаметром 10 мм отвечают за воспроизведение объемного звука.",
        "preview": "shop/product_9/preview/наушники1.jpg",
        "category": 2,
        "available": true
    }
},
{
    "model": "shop.product",
    "pk": 10,
    "fields": {
        "name": "Наушники внутриканальные Apple Apple EarPods with Lightning Connector (MMTN2)",
        "description": "Внутриканальные наушники Apple EarPods with Lightning Connector подключаются к источнику звука по кабелю с портом Lighting. Модель снабжена динамиками с частотным диапазоном от 20 Гц до 20 кГц и панелью управления с микрофоном на кабеле, которая позволяет менять громкость композиций и переключать их долгим нажатием на кнопку. Длина кабеля — 1,2 м.",
        "preview": "shop/product_10/preview/наушники1.jpg",
        "category": 2,
        "available": true
    }
},
{
    "model": "shop.product",
    "pk": 11,
    "fields": {
        "name": "Стиральная машина узкая Candy Smart Pro CSO34106TB1/2-07",
        "description": "Отдельностоящая узкая стиральная машина Candy Smart Pro CSO34106TB1/2-07 весит 60,5 кг и обладает габаритами 85х60х34 см. Корпус в белом цвете снабжен черной дверцей люка из стекла и пластика. Диаметр люка составляет 35 см.",
        "preview": "shop/product_11/preview/стиральная-машина1.jpg",
        "category": 12,
        "available": true
    }
},
{
    "model": "shop.product",
    "pk": 12,
    "fields": {
        "name": "Стиральная машина узкая Haier HW60-BP10919A",
        "description": "Стиральная машина Haier HW60-BP10919A белого цвета оснащена барабаном Pillow — его рабочая поверхность покрыта специальными подушечками, по которым белье скользит и не портится. Корпус сделан из пластика, дверь стеклянная. Модель поддерживает антибактериальную обработку и программу обработки паром для удаления неприятных запахов и придания одежде первоначального вида.",
        "preview": "shop/product_12/preview/стиральная-машина2.jpg",
        "category": 12,
        "available": true
    }
},
{
    "model": "shop.product",
    "pk": 13,
    "fields": {
        "name": "Стиральная машина узкая Indesit EWSB 5085 CIS",
        "description": "Стиральная машина Indesit EWSB 5085 CIS снабжена датчиком Water Balance Plus. Он взвешивает бельё и регулирует расход воды. Благодаря этому стирка получается быстрой, экономичной и безопасной для деликатных тканей.",
        "preview": "shop/product_13/preview/стиральная-машина1.jpg",
        "category": 12,
        "available": true
    }
},
{
    "model": "shop.product",
    "pk": 14,
    "fields": {
        "name": "Пылесос с контейнером для пыли Timberk T-VCC-230",
        "description": "Пылесос с контейнером для пыли Timberk T-VCC-230 — модель циклонного типа, оснащенная двигателем мощностью 2200Вт. Он запускается плавно, что позволяет избежать резких пиковых нагрузок и продлить срок службы устройства. Воздушные вихри подхватывают пыль и заставляют ее оседать в контейнере объемом 3 л.",
        "preview": "shop/product_14/preview/пылесос1.jpg",
        "category": 13,
        "available": true
    }
},
{
    "model": "shop.product",
    "pk": 15,
    "fields": {
        "name": "Пылесос с контейнером для пыли JVC jvc JH-VC318",
        "description": "Пылесос с контейнером для пыли JVC JH-VC318 работает от электрической сети напряжением 220 В, длина встроенного кабеля питания составляет 6 м. Максимальный показатель потребляемой энергии не превышает 900 Вт. На выходе для воздуха установлен моющийся фильтр. В комплект входят сменные насадки для обработки различных напольных покрытий, ковров, мебели и плинтусов.",
        "preview": "shop/product_15/preview/пылесос1.jpg",
        "category": 13,
        "available": true
    }
},
{
    "model": "shop.product",
    "pk": 16,
    "fields": {
        "name": "Пылесос с контейнером для пыли Samsung VC18M21A0SB/EV",
        "description": "Пылесос с контейнером для пыли Samsung VC18M21A0SB/EV синего цвета оснащен инверторным мотором с мощностью всасывания, достигающей 380 Вт. Модель отличается низким уровнем шума, который при максимальной нагрузке равен 87 дБ. Специальная турбина предотвращает наматывание волос и загрязнение фильтра.",
        "preview": "shop/product_16/preview/пылесос1.jpg",
        "category": 13,
        "available": true
    }
},
{
    "model": "shop.product",
    "pk": 17,
    "fields": {
        "name": "Робот-пылесос Haier HSR Care",
        "description": "Робот-пылесос Haier HSR Care подойдет для уборки любых напольных покрытий, в том числе ковров (высота до 2 см). Мощность всасывания составляет 2600 Па, прибор осуществляет сухую и влажную уборку. Пылесос самостоятельно составляет карту помещения, на одном заряде он способен убрать до 150 м2. Встроенные датчики предотвращают падения и столкновения пылесоса с мебелью. На карте можно установить ограничительные линии, за которые прибор не будет заезжать.",
        "preview": "shop/product_17/preview/робот-пылесос1.jpg",
        "category": 13,
        "available": true
    }
},
{
    "model": "shop.product",
    "pk": 18,
    "fields": {
        "name": "Робот-пылесос с базой очистки Dreame D9 Plus White",
        "description": "Робот-пылесос Dreame Bot Robot Vacuum and Mop D9 Plus White выполняет сухую и влажную уборку и способен обработать до 200 м² площади без подзарядки. Емкость аккумулятора — 3200 мА*ч, он восстанавливает свой ресурс за 6 часов и предоставляет до 150 минут работы. На базу пылесос отправляется автоматически.",
        "preview": "shop/product_18/preview/робот-пылесос1.jpg",
        "category": 13,
        "available": true
    }
},
{
    "model": "shop.product",
    "pk": 19,
    "fields": {
        "name": "Сплит-система Rapid RAM-07HJ/N1_23Y",
        "description": "▪ Охлаждающая способность 7336 BTU\r\n▪ Рекомендуемая площадь до 21 м²\r\n▪ Ночной режим\r\n▪ Работает на обогрев, охлаждение и осушение воздуха\r\n▪ Режим размораживания внешнего блока\r\n▪ Автоочистка",
        "preview": "shop/product_19/preview/сплит-система1.jpg",
        "category": 14,
        "available": true
    }
},
{
    "model": "shop.product",
    "pk": 20,
    "fields": {
        "name": "Умная сплит-система Carrera CRCA090",
        "description": "плит-система Carrera CRCA090 с защитным покрытием Blue Fin и производительностью 9000 BTU подходит для быстрого охлаждения, обогрева, осушения и вентиляции комнаты площадью до 25 м². Сплит-система может использоваться в качестве альтернативы центральному отоплению в прохладные весенние и осенние дни: она эффективно обогревает помещение даже при -7°С.",
        "preview": "shop/product_20/preview/сплит-система1.jpg",
        "category": 14,
        "available": true
    }
},
{
    "model": "shop.product",
    "pk": 21,
    "fields": {
        "name": "Умная сплит-система Candy AC-09HTA303/R2",
        "description": "Умная сплит-система Candy AC-09HTA303/R2 — это кондиционер, рассчитанный на помещения площадью до 25 м². Производительность тепла и холода составляет 2,4 кВт. Устройство охлаждает воздух при внешней температуре от 18°C до 43°C, и нагревает — от -7°C до 24°C. Особенность модели — возможность управления через смартфон по Wi-Fi. Прибор работает в режимах охлаждения, нагревания, быстрого охлаждения, осушения и авторестарт. Ночная опция снижает уровень шума, программа «Комфортный сон» отвечает за автоматическую настройку параметров.",
        "preview": "shop/product_21/preview/сплит-система1.jpg",
        "category": 14,
        "available": true
    }
},
{
    "model": "shop.product",
    "pk": 22,
    "fields": {
        "name": "Шуруповерт аккумуляторный Вихрь 72/14/8 (ДА-14,4Л-2К)",
        "description": "Аккумуляторный шуруповерт «Вихрь» 72/14/8 оснащен рукояткой с резиновыми вставками — она плотно лежит в ладони и не скользит. Также материал поглощает вибрацию, создаваемую в процессе работы. Корпус изготовлен из пластика, устойчивого к естественному износу и деформации. Функция реверса позволяет вытащить застрявший в заготовки шуруп.",
        "preview": "shop/product_22/preview/шуруповерт1.jpg",
        "category": 15,
        "available": true
    }
},
{
    "model": "shop.product",
    "pk": 23,
    "fields": {
        "name": "Дрель ударная ЕРМАК 646-184",
        "description": "Ударная дрель «Ермак» 646-184 оранжевого цвета работает от сети 220 В. В комплекте идет дополнительная рукоятка, обеспечивающая надежный хват, ключ для кулачкового патрона и набор угольных щеток. Корпус сделан из прочного пластика, оснащен антивибрационной системой. Прорезиненная ручка не скользит в руке. \r\nГабариты модели — 170х235х350 мм. Вес изделия — 1,8 кг. Присутствует ограничитель глубины сверления, предохранительная муфта. Положение рукоятки меняется. Функция реверса упрощает выведение застрявшего сверла. Диаметр быстрозажимного патрона — 1,5–13 мм.",
        "preview": "shop/product_23/preview/дрель1.jpg",
        "category": 15,
        "available": true
    }
},
{
    "model": "shop.product",
    "pk": 24,
    "fields": {
        "name": "Шуруповерт аккумуляторный Ресанта ДА-14-2ЛК (75/14/4)",
        "description": "Аккумуляторная модель «Ресанта» ДА-14-2ЛК подойдёт для сверления деревянных, металлических и других поверхностей, а также для использования в качестве шуруповёрта. Универсальный быстрозажимной патрон позволит быстро сменить оснастку. Регулировка частоты вращения поможет настроить прибор под работу с различными материалами. Устройство оснащено подсветкой для контроля нужной зоны и обеспечения безопасности.",
        "preview": "shop/product_24/preview/шуруповерт2.jpg",
        "category": 15,
        "available": true
    }
},
{
    "model": "shop.product",
    "pk": 25,
    "fields": {
        "name": "Перфоратор HIPER HRH800B",
        "description": "Перфоратор Hiper HRH800B — инструмент бытового класса в пластиковом корпусе, который дает возможность выполнять долбление, сверление отверстий в кирпичных, бетонных, металлических, деревянных стенах и перегородках. Реверс позволяет изменять направление вращения, благодаря чему можно извлечь застрявшую насадку.",
        "preview": "shop/product_25/preview/перфоратор1.jpg",
        "category": 16,
        "available": true
    }
},
{
    "model": "shop.product",
    "pk": 26,
    "fields": {
        "name": "Перфоратор Креост KE-851100-40",
        "description": "Перфоратор «Креост» KE-851100-40 оранжевого цвета с черными элементами обладает высотой 36,4 см и шириной 15,5 см. Уровень потребляемой мощности «»\r\nне более 1100 Вт. Питание осуществляется от сети. Энергия удара составляет 10 Дж. Устройство оборудовано ограничителем глубины сверления.",
        "preview": "shop/product_26/preview/перфоратор2.jpg",
        "category": 16,
        "available": true
    }
},
{
    "model": "shop.product",
    "pk": 27,
    "fields": {
        "name": "Перфоратор Вихрь П-0,75В",
        "description": "Перфоратор «Вихрь» П-0,75В подходит для использования при разрушении перегородок между комнатами, прокладке электропроводки, соединении отверстий разного размера. Модель предназначена для сверления поверхностей из дерева (50 мм), бетона (26 мм), металла (13 мм). За 1 минуту производится до 1100 оборотов холостого хода. Патрон SDS-plus гарантирует надежное положение оснастки, что исключает вероятность прокрутки. Встроенная предохранительная муфта уменьшает вероятность повреждения инструмента. При помощи ограничителя можно контролировать глубину отверстий.",
        "preview": "shop/product_27/preview/перфоратор3.jpg",
        "category": 16,
        "available": true
    }
},
{
    "model": "shop.product",
    "pk": 28,
    "fields": {
        "name": "Триммер бензиновый Oasis TB-1500P ECO",
        "description": "Бензиновый триммер Oasis TB-1500P Eco используется для скашивания травы или молодой поросли на дачном участке или в парковой зоне. Модель оснащена двухтактным двигателем с максимальной частотой вращения 9500 об/мин и мощностью 1500 Вт. Объем топливного бака — 1,2 л. Срез варьируется в диапазоне от 25,5 до 42 см. Уровень шума в процессе эксплуатации не превышает 96 дБ.",
        "preview": "shop/product_28/preview/тример1.jpg",
        "category": 17,
        "available": true
    }
},
{
    "model": "shop.product",
    "pk": 29,
    "fields": {
        "name": "Газонокосилка аккумуляторная Greenworks в комплекте аккумулятор 2 Ач, ЗУ 0,5 Ач",
        "description": "Газонокосилка Greenworks G24LM32K2 используется для ухода за приусадебными участками, газонами и лужайками. У нее есть регулировка по высоте скашивания с приводом на все четыре колеса. Устройство оснащено системой защиты двигателя от механических повреждений.",
        "preview": "shop/product_29/preview/газонокосилка1.jpg",
        "category": 17,
        "available": true
    }
},
{
    "model": "shop.product",
    "pk": 30,
    "fields": {
        "name": "Ноутбук игровой Thunderobot 911S Core SD/15.6\"/Core i5-12450H/8/512/RTX 3050/noOs/Black",
        "description": "Игровой ноутбук Thunderobot 911S Core SD/15.6\"/Core i5-12450H/8/512/RTX 3050/noOs/Black предлагается геймерам без предустановленной операционной системы. Конфигурация построена вокруг 8-ядерного процессора Core i5 12450H производства Intel и графического адаптера GeForce RTX 3050 от Nvidia. Объем оперативной памяти — 8 ГБ, размер хранилища для файлов и приложений — 512 ГБ. Мобильный компьютер оснащен дисплеем с IPS-матрицей, его диагональ – 15,6 дюйма, разрешение — 1920х1080 пикселей, что соответствует стандарту Full HD.",
        "preview": "shop/product_30/preview/Ноутбук-thunderobot.jpg",
        "category": 18,
        "available": true
    }
},
{
    "model": "shop.product",
    "pk": 31,
    "fields": {
        "name": "Ноутбук HUAWEI MateBook D 15 BoD-WDH9/15.6\"/AMD Ryzen 7 5700U/8/512/Win/Mystic Silver (53013TUD)",
        "description": "Ноутбук Huawei MateBook D 15 (53013TUD) серебристого цвета с широкоформатным экраном диагональю 15,6 дюйма спроектирован под мультимедиа, просмотр видео, работу в многооконном режиме. Девайс с предустановленной операционной системой Windows 11 работает под контролем восьмиядерного процессора AMD Ryzen 7 (1,8-4,3 ГГц) с кэш-памятью 8 Гб и видеоядра Radeon. Размер оперативной DDR4 памяти составляет 8 Гб, емкость SSD накопителя — 512 Гб.",
        "preview": "shop/product_31/preview/ноутбук-huawei.jpg",
        "category": 18,
        "available": true
    }
},
{
    "model": "shop.product",
    "pk": 32,
    "fields": {
        "name": "Монитор DEXP DF22N1 серебристый",
        "description": "Монитор DEXP DF22N1 выполнен в тонком и стильном корпусе серебристого цвета с безрамочным дизайном. Модель предназначена для комфортной и эффективной работы при решении разных компьютерных задач. На экране 21.45 дюймов VA FullHD передается реалистичная картинка. Цветовой охват sRGB 100 % позволяет получать удовольствие от яркой картинки с красочными оттенками. Матовое покрытие и технологии защиты зрения создают комфортные условия для просмотра. Монитор DEXP DF22N1 оснащен разъемами HDMI и VGA, а также выходом на наушники. Конструкция подставки предусматривает удобную настройку положения экрана за счет регулировки угла наклона.",
        "preview": "shop/product_32/preview/монитор-dexp.jpg",
        "category": 19,
        "available": true
    }
},
{
    "model": "shop.product",
    "pk": 33,
    "fields": {
        "name": "Монитор Xiaomi Redmi Monitor черный",
        "description": "Монитор Xiaomi Redmi Monitor обеспечивает реалистичное детализированное изображение для удобной работы в программах и погружения в мультимедийные развлечения. В нем установлен экран 21.5 дюйма с панелью VA FullHD. Антибликовое матовое покрытие и технологии защиты зрения делают просмотр максимально комфортным и безопасным. Xiaomi Redmi Monitor оснащен видеовыходами HDMI и VGA для подключения к источникам изображения. Настройка положения экрана обусловлена наличием в конструкции механизма регулировки угла наклона.",
        "preview": "shop/product_33/preview/монитор-xiaomi.jpg",
        "category": 19,
        "available": true
    }
},
{
    "model": "shop.product",
    "pk": 34,
    "fields": {
        "name": "Монитор Philips 271V8L черный",
        "description": "Широкоугольный монитор Philips 271V8L с диагональю экрана 27 дюймов порадует любого пользователя красочной картинкой и плавным отображением видеоряда. Устройство, устанавливаемое на устойчивую подставку, представлено в классическом черном цвете корпуса и может использоваться для оснащения компьютерного стола не только дома, но и в офисе. Поддержка технологии Adaptive-Sync в сочетании с частотой 75 Гц обеспечивает плавное воспроизведение видеоконтента, а трехсторонний безрамочный дизайн позволит испытать эффект полного погружения в происходящее на экране.\r\nЗа счет режима LowBlue и наличия матового покрытия на экране монитора Philips 271V8L значительно снижается нагрузка на глаза, в результате чего вы сможете проводить за ним весь рабочий день. Картинка, демонстрируемая на экране устройства, порадует высокой четкостью, красочностью и контрастностью благодаря разрешению 1920x1080 пикселей и технологии изготовления матрицы VA. Для подключения к компьютеру монитор располагает двумя видеоразъемами: HDMI и VGA (D-Sub). Также в комплекте поставки предусмотрен HDMI-кабель. Размеры устройства без учета подставки – 613x363x45 мм.",
        "preview": "shop/product_34/preview/монитор-philips.jpg",
        "category": 19,
        "available": true
    }
},
{
    "model": "shop.product",
    "pk": 35,
    "fields": {
        "name": "Монитор Philips 272E1CA черный",
        "description": "Монитор Philips 272E1CA порадует своего обладателя невероятной четкостью картинки даже при быстрой смене кадров, ведь время отклика пикселя снижено до 4 мс. Углы обзора по вертикали и горизонтали возросли до 178 градусов – таким образом, вам не придется устраиваться прямо у монитора, если вы просматриваете киноленту большой компанией.\r\nКонфигурацией Philips 272E1CA предусмотрена матрица VA, отвечающая за детализацию и контрастность каждого изображения. Матовое покрытие экрана обеспечит преломление солнечных бликов, а также значительно снизит количество загрязнений. Благодаря встроенной акустической системе вам гарантировано насыщенное звучание как высоких, так и низких частот. А особая технология защиты предупредит риск возникновения ощущений дискомфорта даже при длительной эксплуатации устройства.",
        "preview": "shop/product_35/preview/монитор-philips.jpg",
        "category": 19,
        "available": true
    }
},
{
    "model": "shop.product",
    "pk": 36,
    "fields": {
        "name": "Монитор ARDOR GAMING INFINITY AF27H1 черный",
        "description": "Игровой монитор ARDOR GAMING INFINITY AF27H1 в стильном черном корпусе оснащен экраном 27” с FullHD-разрешением и RGB-подсветкой. Поддержка HDR улучшает яркость и насыщенность картинки, отвечает за лучшую детализацию и четкость. Технологии AMD и NVIDIA гарантируют отсутствие зависания в динамичных сценах, улучшают точность управления персонажем. Защита от бликов, синего свечения и мерцания позволяет глазам меньше уставать при долгой игре за компьютером.\r\nARDOR GAMING INFINITY AF27H1 оснащен динамиками по 2 Вт, стандартным аудиоразъемом для наушников или колонок, 4 видеовыходами. Функциональная подставка позволяет наклонять, поднимать и опускать экран, работать в портретном режиме при повороте монитора на 90°. Модель идет в комплекте с набором кабелем в органайзере, фирменным стикером, отверткой и салфеткой.",
        "preview": "shop/product_36/preview/Монитор-ardor.jpg",
        "category": 19,
        "available": true
    }
},
{
    "model": "shop.product",
    "pk": 37,
    "fields": {
        "name": "Монитор Samsung Odyssey Neo G9 S49AG950NI белый",
        "description": "Монитор Samsung Odyssey Neo G9 S49AG950NI создан для погружения в игровой процесс. Он оборудован широкоформатным изогнутым экраном, в основе которого содержится панель VA 48.7 дюйма с подсветкой miniLED. Технология Quantum HDR обеспечивает передачу насыщенных, ярких и естественных оттенков. Благодаря отклику 1 мс и частоте 240 Гц исключается искажение и размытие динамичной графики. Возможности подключения Samsung Odyssey Neo G9 представлены 2 разъемами HDMI, разъемом DisplayPort, 2 портами USB для периферийных устройств. Эргономичная подставка предоставляет гибкие возможности настройки положения за счет поворота, регулировки высоты и угла наклона.",
        "preview": "shop/product_37/preview/монитор-samsung.jpg",
        "category": 19,
        "available": true
    }
},
{
    "model": "shop.product",
    "pk": 38,
    "fields": {
        "name": "Игровая клавиатура Thunderobot K87R (JM03NME07RU)",
        "description": "Thunderobot K87R (JM03NME07RU) черного цвета — механическая компактная (TKL) игровая клавиатура. Модель предусматривает проводное соединение и подключается к ПК через интерфейс USB. Кабель длиной 1,5 м обеспечивает удобство использования устройства.",
        "preview": "shop/product_38/preview/клавиатура1.jpg",
        "category": 20,
        "available": true
    }
},
{
    "model": "shop.product",
    "pk": 39,
    "fields": {
        "name": "Игровая клавиатура Red Square Keyrox TKL Fireworks RSQ-20037",
        "description": "Игровая клавиатура Red Square Keyrox TKL Fireworks RSQ-20037 подсоединяется к персональному компьютеру с помощью провода с тканевой оплеткой 1,8 м через USB-порт 2.0. На корпусе размещены 87 клавиш с антигостингом. 86 клавиш оснащены функцией программирования. Встроенная RGB-подсветка обеспечивает удобную навигацию по клавиатуре. Добавлена клавиша Windows. Сила нажатия — 50 г. Время отклика — 1 мс.",
        "preview": "shop/product_39/preview/клавиатура1.jpg",
        "category": 20,
        "available": true
    }
},
{
    "model": "shop.product",
    "pk": 40,
    "fields": {
        "name": "Мышь беспроводная Acer OMR083 ZL.MCEEE.023",
        "description": "Беспроводная мышь Acer OMR083 ZL.MCEEE.023 — это стандартная модель, которая не утомит вас даже при длительном использовании за счет небольшого веса (65 г) и продуманной конструкции. Симметричный корпус эргономичной формы рассчитан как на правшей, так и левшей. Анатомическое строение снимает лишнюю нагрузку с кисти. Устройство с максимальным оптическим разрешением 1600 т/д отличается высокой точностью передвижения курсора и быстрой реакцией на команды. Этот параметр регулируется с помощью дополнительной кнопки, позволяющей переключаться между тремя DPI-режимами.",
        "preview": "shop/product_40/preview/мышь1.jpg",
        "category": 20,
        "available": true
    }
},
{
    "model": "shop.product",
    "pk": 41,
    "fields": {
        "name": "Мышь беспроводная Acer OMR020 черный",
        "description": "Миниатюрная мышь Acer OMR020 отлично подходит для работы с ноутбуками – благодаря небольшим габаритам и скромному весу её можно запросто прихватить с собой в поездку, не расставаясь с контроллером.",
        "preview": "shop/product_41/preview/мышь1.jpg",
        "category": 20,
        "available": true
    }
},
{
    "model": "shop.product",
    "pk": 42,
    "fields": {
        "name": "Видеокарта MSI NVIDIA GeForce RTX 4080 SUPER 16G GAMING X SLIM",
        "description": "Видеокарта MSI Nvidia GeForce RTX 4080 Super Gaming X Slim обеспечивает высокое качество графики и плавный игровой процесс благодаря большому объему памяти — 16 Гб. Применена активная воздушная система охлаждения, которая предотвращает перегрев устройства. Интерфейс подключения — PCI Express 4.0, установлены выходы HDMI и DisplayPort для соединения с монитором или телевизором. Рекомендуемая мощность блока питания — 850 Вт. Частота памяти равна 23000 МГц. Число универсальных процессоров достигает 10240. Размер модели — 13,6x6,2x32,2 см.",
        "preview": "shop/product_42/preview/видеокарта1.jpg",
        "category": 21,
        "available": true
    }
},
{
    "model": "shop.product",
    "pk": 43,
    "fields": {
        "name": "Видеокарта MSI RTX 3050 VENTUS 2X XS 8G",
        "description": "",
        "preview": "shop/product_43/preview/видеокарта2.jpg",
        "category": 21,
        "available": true
    }
},
{
    "model": "shop.product",
    "pk": 44,
    "fields": {
        "name": "Видеокарта MSI NVIDIA GeForce RTX 4070 Ti VENTUS 3X E1 OC 12ГБ (RTX 4070 Ti VENTUS 3X E1 12G)",
        "description": "Видеокарта MSI GeForce RTX 4070 Ti Ventus 3X E1 обладает видеопамятью типа GDDR6X, объем которой достигает 12 Гб. Частота памяти доходит до 21000 МГц. Шина устройства — 192-битная. В основе лежит архитектура Ada Lovelace от Nvidia. Она обладает тензорными ядрами четвертого поколения и RT-ядрами третьего. Трассировка лучей отвечает за естественное моделирование поведения света. Это способствует улучшенной детализации и реалистичности игрового мира. С помощью технологии DLSS, в основе которой лежит ИИ, обеспечивается максимум FPS. Технология Nvidia Reflex минимизирует задержки и делает управление более отзывчивым.",
        "preview": "shop/product_44/preview/видеокарта1.jpg",
        "category": 21,
        "available": true
    }
},
{
    "model": "shop.product",
    "pk": 45,
    "fields": {
        "name": "Фотоаппарат компактный Kodak AZ401 Black",
        "description": "омпактный фотоаппарат Kodak AZ401 Black оснащен комбинированным зумом и функцией оптической стабилизации изображения. Устройство работает от четырех батареек АА. В комплекте идет ремень для переноски. Объем карты памяти составляет 32 Гб. Габариты модели — 84,4х81,6х111,4 см. Вес изделия — 436 г. Присутствует встроенная вспышка с дальностью действия 7,5 м. Допустимая дистанция съемки — от 1,6 см. Девять точек автофокусировки обеспечивают широкое покрытие кадра. Прибор оснащен функцией редактирования фото. Скорость съемки составляет 30 кадров в секунду.",
        "preview": "shop/product_45/preview/фотоаппарат1.jpg",
        "category": 6,
        "available": true
    }
},
{
    "model": "shop.product",
    "pk": 46,
    "fields": {
        "name": "Фотоаппарат детский Rekam iLook K320i Yellow",
        "description": "Rekam iLook K320i — компактный детский фотоаппарат с 3-мегапиксельной матрицей, позволяющей снимать видео разрешением 1280 х 720 Мп. Устройство может записывать аудиофайлы. Эта модель подходит в качестве веб-камеры. Встроенный дисплей выполнен на основе TFT-матрицы. Его диагональ — 1,8 дюйма. Камера оборудована электронным видоискателем. В корпусе есть слот для карты памяти формата microSD и разъем microUSB для подключения кабеля. Питание обеспечивают две батарейки типа ААА, в комплекте есть ремень для переноски. Весит аппарат 52 г.",
        "preview": "shop/product_46/preview/фотоаппарат2.jpg",
        "category": 6,
        "available": true
    }
},
{
    "model": "shop.product",
    "pk": 47,
    "fields": {
        "name": "Фотоаппарат компактный Kodak WPZ2 Red",
        "description": "Компактный фотоаппарат Kodak WPZ2 Red предназначен для ежедневного использования, путешествий и съемок в различных условиях. За счет встроенного объектива модель проста и удобна в эксплуатации. Благодаря водонепроницаемому корпусу устройство можно использовать в условиях погружения в воду на глубину до 15 м.",
        "preview": "shop/product_47/preview/фотоаппарат3.jpg",
        "category": 6,
        "available": true
    }
},
{
    "model": "shop.product",
    "pk": 48,
    "fields": {
        "name": "Фотоаппарат компактный Kodak AZ425WH",
        "description": "Компактный фотоаппарат Kodak AZ425WH оптимален для тех, кто хочет получить качественные снимки. За счет небольшого размера и веса модель удобна в эксплуатации. Благодаря оптической стабилизации изображения минимизируется размытость при съемках. Чтобы получить качественные кадры в условиях недостаточной видимости, рекомендуется активировать функцию ночной съемки.",
        "preview": "shop/product_48/preview/фотоаппарат4.jpg",
        "category": 6,
        "available": true
    }
},
{
    "model": "shop.product",
    "pk": 49,
    "fields": {
        "name": "Фотоаппарат компактный Ricoh WG-6 BLACK EU",
        "description": "Компактный фотоаппарат Ricoh WG-6 Black EU выполнен в пылевлагозащитном корпусе черного цвета. Прочная корпусная оболочка обеспечивает съемку под водой на глубине до 20 метров в течение двух часов. Разрешение матрицы составляет 20 Мп, что позволяет получить контрастное изображение высокого качества с низким уровнем шума. Встроен цифровой стабилизатор изображения. Функция серийной съемки работает со скоростью 5 кадр/сек. Установлено девять точек автофокусировки.",
        "preview": "shop/product_49/preview/фотоаппарат5.jpg",
        "category": 6,
        "available": true
    }
},
{
    "model": "shop.product",
    "pk": 50,
    "fields": {
        "name": "Смартфон Samsung Galaxy A55 5G 8/128GB Blue Black",
        "description": "Смартфон Samsung Galaxy A55 Blue Black обладает большим экраном диагональю 6,6 дюйма разрешением 2340х1080 пикселей, на котором комфортно играть, смотреть фильмы и видеоролики, общаться в социальных сетях, решать рабочие задачи. Технология AMOLED обеспечивает высокую яркость и контрастность, даже при ярком солнце картинка будет различима. Частота обновления 120 Гц способствует плавности отображения любого динамичного контента. Экран покрывает прочное стекло Corning Gorilla Glass Victus.",
        "preview": "shop/product_50/preview/samsunggalaxya55.jpg",
        "category": 22,
        "available": true
    }
},
{
    "model": "shop.product",
    "pk": 51,
    "fields": {
        "name": "Смартфон Xiaomi 14 Ultra 16/512GB Black",
        "description": "Смартфон Xiaomi 14 Ultra Black обладает экраном диагональю 6,73 дюйма. В основе — матрица AMOLED, разрешение составляет 1440x3200 пикселей, частота обновления — до 120 Гц. Предусмотрен режим защиты зрения, при котором снижается уровень вредного синего света. Экран закрывает стекло Corning Gorilla Glass Victus 2, рамка узкая, ее ширина всего 1,61 мм.",
        "preview": "shop/product_51/preview/xiaomi14ultra.jpg",
        "category": 22,
        "available": true
    }
},
{
    "model": "shop.product",
    "pk": 52,
    "fields": {
        "name": "Смартфон Apple iPhone 11",
        "description": "Функциональный и стильный смартфон Apple iPhone 11 в металлическом корпусе способен обеспечить не только повседневное общение и развлечения, но и продуктивную работу.",
        "preview": "shop/product_52/preview/apple-iphone-11.jpg",
        "category": 22,
        "available": true
    }
},
{
    "model": "shop.product",
    "pk": 53,
    "fields": {
        "name": "Смарт-часы Samsung Galaxy Watch6 44 mm Silver (SM-R940)",
        "description": "Смарт-часы Samsung Galaxy Watch6 44 мм Silver (SM-R940) обладают дисплеем диагональю 1,47 дюйма и разрешением 480x480 пикселей — увеличить экран и добавить пространства для свайпов позволила тонкая рамка. Надежную защиту от случайных ударов обеспечивает прочное сапфировое стекло.",
        "preview": "shop/product_53/preview/SamsungGalaxyWatch6.jpg",
        "category": 23,
        "available": true
    }
},
{
    "model": "shop.product",
    "pk": 54,
    "fields": {
        "name": "Фитнес-трекер Xiaomi Smart Band 8 Pro Black (BHR8017GL)",
        "description": "Фитнес-трекер Xiaomi Smart Band 8 Pro Black (BHR8017GL) действует на базе операционной системы Android и совместим с Android 6.0 и iOS 12. Устройство соединяется со смартфоном посредством модуля Bluetooth. Модель оснащена опциями отслеживания сердечного ритма, уровня сна, датчик пройденного расстояния и калорий, шагомер, акселерометр.",
        "preview": "shop/product_54/preview/XiaomiSmartBand8.jpg",
        "category": 23,
        "available": true
    }
},
{
    "model": "shop.product",
    "pk": 55,
    "fields": {
        "name": "Смарт-часы HONOR Watch 4 Gold (TMA-B19)",
        "description": "Смарт-часы Honor Watch 4 Gold (TMA-B19) оснащены прямоугольным сенсорным AMOLED-экраном диагональю 1,75 дюйма разрешением 390х450 пикселей. Его надежно защищает от царапин и сколов закаленное стекло. Гаджет совместим со смартфонами, работающими на ОС Android и iOS, позволяет принимать и совершать вызовы, для чего установлены динамик и микрофон. Объем встроенной памяти — 4 Гб.",
        "preview": "shop/product_55/preview/HONORWatch4.jpg",
        "category": 23,
        "available": true
    }
},
{
    "model": "shop.product",
    "pk": 56,
    "fields": {
        "name": "Чехол Deppa для Samsung Galaxy A55",
        "description": "",
        "preview": "shop/product_56/preview/чехол-для_телефона1.jpg",
        "category": 24,
        "available": true
    }
},
{
    "model": "shop.product",
    "pk": 57,
    "fields": {
        "name": "Защитное стекло для Samsung Deppa для Samsung Galaxy A55",
        "description": "",
        "preview": "shop/product_57/preview/защитное-стекло1.jpg",
        "category": 24,
        "available": true
    }
},
{
    "model": "shop.product",
    "pk": 58,
    "fields": {
        "name": "Сетевое зарядное устройство Apple 20W USB-C (MHJE3ZM/A)",
        "description": "",
        "preview": "shop/product_58/preview/Apple20WUSB-C.jpg",
        "category": 25,
        "available": true
    }
},
{
    "model": "shop.product",
    "pk": 59,
    "fields": {
        "name": "Сетевое зарядное устройство Samsung 45W EP-T4510 Black",
        "description": "",
        "preview": "shop/product_59/preview/Samsung45W.jpg",
        "category": 25,
        "available": true
    }
},
{
    "model": "shop.product",
    "pk": 60,
    "fields": {
        "name": "Карта памяти microSDHC IMO 32GB Сlass 10 UHS-I",
        "description": "Карта памяти IMO позволит надёжно хранить до 32 Гб данных и передавать их на совместимые устройства. Класс 10 обеспечивает быстрый обмен файлами и запись видео в формате Full HD с минимальной скоростью 10 Мб и максимальной 50 Мб в секунду.",
        "preview": "shop/product_60/preview/microsd.jpg",
        "category": 26,
        "available": true
    }
},
{
    "model": "shop.product",
    "pk": 61,
    "fields": {
        "name": "Микроволновая печь соло Samsung ME81KRW-2",
        "description": "Отдельностоящая микроволновая печь Samsung ME81KRW-2 потребляемой мощностью 1150 Вт представлена в корпусе из нержавеющей стали габаритами 489х275х360 мм. Навесная дверца со вставкой из тонированного стекла обеспечивает доступ в камеру полезным объемом 23 л. Здесь расположены лампа подсветки и вращающийся столик диаметром 288 мм.",
        "preview": "shop/product_61/preview/микроволновая-печь1.jpg",
        "category": 8,
        "available": true
    }
},
{
    "model": "shop.product",
    "pk": 62,
    "fields": {
        "name": "Микроволновая печь соло Haier HMB-MM208BA",
        "description": "Haier HMB-MM208BA – стильная микроволновая печь формата соло с камерой объёмом 20 л. Благодаря ей разогрев еды и размораживание полуфабрикатов будет минутным делом. \r\n\r\nЛЕГКО РАЗОБРАТЬСЯ\r\nМодель оснащена удобной механической панелью управления. Она состоит из двух поворотных ручек: для выбора мощности и задания времени на таймере.",
        "preview": "shop/product_62/preview/микроволновая-печь1.jpg",
        "category": 8,
        "available": true
    }
},
{
    "model": "shop.product",
    "pk": 63,
    "fields": {
        "name": "Микроволновая печь соло Midea MM719M2Z-W",
        "description": "",
        "preview": "shop/product_63/preview/Микроволновая-печь2.png",
        "category": 8,
        "available": true
    }
},
{
    "model": "shop.product",
    "pk": 64,
    "fields": {
        "name": "Микроволновая печь соло Kuppersberg TMW 201 B",
        "description": "",
        "preview": "shop/product_64/preview/Микроволновая-печь2.png",
        "category": 8,
        "available": true
    }
},
{
    "model": "shop.product",
    "pk": 65,
    "fields": {
        "name": "Микроволновая печь соло Gorenje MO17E1BH",
        "description": "Микроволновая печь Gorenje MO17E1BH представлена в черном корпусе. Она оснащена механической системой управления: двумя поворотными переключателями на фронтальной панели. Объем камеры составляет 17 л. Стенки покрыты эмалью и легко очищаются от загрязнений. Дверца микроволновой печи открывается с помощью ручки.",
        "preview": "shop/product_65/preview/Микроволновая-печь2.png",
        "category": 8,
        "available": true
    }
},
{
    "model": "shop.product",
    "pk": 66,
    "fields": {
        "name": "Электрочайник Hi EK-17G24",
        "description": "Электрочайник Hi Hi EK-17G24 из термостойкого прозрачного стекла с пластиковыми элементами темно-серого цвета позволяет кипятить и подогревать воду до нужной температуры (от 40°C до 100°C). Корпус с двойными стенками долго держит тепло. Габариты модели — 24х22х14,5 см. Вес — 1,34 кг. Мощность — 2 кВт. Колба вмещает до 1,7 л жидкости. Прибор оснащен дисплеем, на котором отображается выбранная температура. Присутствует функция заваривания чая. О закипании сообщает звуковой сигнал. Устройство не включается при отсутствии воды в колбе.",
        "preview": "shop/product_66/preview/чайник1.jpg",
        "category": 27,
        "available": true
    }
},
{
    "model": "shop.product",
    "pk": 67,
    "fields": {
        "name": "Электрочайник Candy CK-101",
        "description": "Электрочайник Candy CK-101 в белом пластиковом корпусе поддерживает вращение на 360°, вмещает 1,7 л. Устройство питается от сети посредством 75-сантиметрового кабеля, который можно убрать в специальный отсек, и потребляет 1850 Вт мощности. Внутри в качестве нагревательного элемента установлена закрытая спираль. Модель автоматически отключается при закипании и блокирует запуск в случае отсутствия воды. О режиме работы сообщает встроенная индикация. При габаритах 24х21х15 см вес составляет 875 г.",
        "preview": "shop/product_67/preview/чайник1.jpg",
        "category": 27,
        "available": true
    }
},
{
    "model": "shop.product",
    "pk": 68,
    "fields": {
        "name": "Электрочайник Gorenje K17GED",
        "description": "Электрочайник Gorenje K17GED черного цвета выполнен в пластиковом корпусе со стеклянной емкостью, в которую можно залить 1,7 л воды. Мощность чайника — 2,2 кВт, для питания используется кабель длиной 0,7 м, который можно хранить в подставке.",
        "preview": "shop/product_68/preview/чайник1.jpg",
        "category": 27,
        "available": true
    }
},
{
    "model": "shop.product",
    "pk": 69,
    "fields": {
        "name": "Весы кухонные NDTech KS169",
        "description": "Электронные кухонные весы NDTech KS169 предназначены для тех, кто хочет готовить в полном соответствии с рецептами. Они позволяют взвешивать продукты с точностью до 1 грамма. Результаты измерений выводятся на цифровой дисплей.",
        "preview": "shop/product_69/preview/весы-кухонные1.jpg",
        "category": 28,
        "available": true
    }
},
{
    "model": "shop.product",
    "pk": 70,
    "fields": {
        "name": "Весы кухонные Rombica myKitchen Alta",
        "description": "Кухонные весы Rombica myKitchen Alta черного цвета оснащены платформой из нержавеющей стали. Пластиковый корпус оснащен прорезиненными ножками для лучшей устойчивости.",
        "preview": "shop/product_70/preview/весы-кухонные1.jpg",
        "category": 28,
        "available": true
    }
},
{
    "model": "shop.product",
    "pk": 71,
    "fields": {
        "name": "Весы кухонные Tefal Compliss BC1000V(0/1)",
        "description": "Кухонные весы Tefal Compliss BC1000V0 – электронное устройство, позволяющее точно отмерить необходимое количество продуктов.",
        "preview": "shop/product_71/preview/весы-кухонные1.jpg",
        "category": 28,
        "available": true
    }
},
{
    "model": "shop.product",
    "pk": 72,
    "fields": {
        "name": "Светильник напольный Camelion KD-428F С01",
        "description": "Белый напольный светильник Camelion KD-428F С01 выполнен из металла и дополнен круглой подставкой. Модель работает от сети посредством 1,8-метрового кабеля и потребляет 40 Вт. При габаритах 132х18х33 см вес конструкции составляет 6 кг.",
        "preview": "shop/product_72/preview/светильник-camelion.jpg",
        "category": 10,
        "available": true
    }
},
{
    "model": "shop.product",
    "pk": 73,
    "fields": {
        "name": "Торшер Lumion Marcus 3638/1F",
        "description": "",
        "preview": "shop/product_73/preview/торшер-lumion-marcus.jpg",
        "category": 10,
        "available": true
    }
},
{
    "model": "shop.product",
    "pk": 74,
    "fields": {
        "name": "Светильник напольный Arte Lamp CONNOR A4053PN-1BK",
        "description": "",
        "preview": "shop/product_74/preview/светильник-напольный-arte-lamp.jpg",
        "category": 10,
        "available": true
    }
},
{
    "model": "shop.product",
    "pk": 75,
    "fields": {
        "name": "Торшер Favourite 2907-4F",
        "description": "",
        "preview": "shop/product_75/preview/торшер-favourite.jpg",
        "category": 10,
        "available": true
    }
},
{
    "model": "shop.product",
    "pk": 76,
    "fields": {
        "name": "Торшер F-Promo 4220-1F",
        "description": "",
        "preview": "shop/product_76/preview/торшер-f-promo.jpg",
        "category": 10,
        "available": true
    }
},
{
    "model": "shop.product",
    "pk": 77,
    "fields": {
        "name": "Радиоуправляемый квадрокоптер HIPER Wind HQC-0038",
        "description": "Радиоуправляемый квадрокоптер Hiper Wind HQC-0038 в комбинированном корпусе зеленого и черного цветов обладает габаритами 27х27х10 см и массой 108 г. В комплекте поставляются зарядное устройство, защита пропеллеров и два аккумулятора. Емкость батареи составляет 1100 мА*ч, время зарядки — до 150 минут. \r\nУстройство поддерживает передачу данных по Wi-Fi. Управление может осуществляется как пультом, так и с помощью девайсов с системами iOS и Android. Продолжительность полета на одном полном заряде достигает 10 минут.",
        "preview": "shop/product_77/preview/квадрокоптер2.jpg",
        "category": 29,
        "available": true
    }
},
{
    "model": "shop.product",
    "pk": 78,
    "fields": {
        "name": "Квадрокоптер DJI Mini 3 Standart Version",
        "description": "Квадрокоптер DJI Mini 3 Standart Version записывает высококачественные видео в любое время суток благодаря двойному ISO и 1/1,3-дюймовому датчику. Карданный подвес отвечает точную вертикальную съемку. \r\nЭту модель удобно брать в путешествия — прибор компактно складывается и весит всего 248 г. Устройство передает изображение на расстояние до 18 км, продолжительность полета — 38 минут, высота — до 4 км над уровнем моря. Максимальная скорость движения — 57 км/ч.",
        "preview": "shop/product_78/preview/квадрокоптер1.jpg",
        "category": 29,
        "available": true
    }
},
{
    "model": "shop.product",
    "pk": 79,
    "fields": {
        "name": "Робот-трансформер WOW WEE Собачка \"Чиппи\" Black",
        "description": "",
        "preview": "shop/product_79/preview/робот2.jpg",
        "category": 30,
        "available": true
    }
},
{
    "model": "shop.product",
    "pk": 80,
    "fields": {
        "name": "Робот-трансформер WOW WEE 825 MiP Black",
        "description": "",
        "preview": "shop/product_80/preview/робот1.jpg",
        "category": 30,
        "available": true
    }
},
{
    "model": "shop.seller",
    "pk": 1,
    "fields": {
        "user": 3,
        "name": "ЭлектроМир",
        "thumbnail": "",
        "email": "contact-seller1@example.com",
        "phone": "12345678901",
        "address": "123 Seller Street, City, Country",
        "description": "Ваш источник современных электронных устройств. Откройте для себя последние инновации в мире умного освещения и электроустановочных изделий, которые не только улучшат функциональность вашего дома, но и добавят изысканности в его дизайн."
    }
},
{
    "model": "shop.seller",
    "pk": 2,
    "fields": {
        "user": 4,
        "name": "СмартТех",
        "thumbnail": "",
        "email": "contact-seller2@example.com",
        "phone": "7987654321",
        "address": "456 Seller Avenue, City, Country",
        "description": "Передовые технологические решения для вашего дома. СмартТех предлагает широкий ассортимент товаров, которые делают вашу повседневную жизнь проще и удобнее, используя интеллектуальное управление и высококачественные материалы."
    }
},
{
    "model": "shop.seller",
    "pk": 3,
    "fields": {
        "user": 5,
        "name": "МегаГаджет",
        "thumbnail": "",
        "email": "contact-seller3@example.com",
        "phone": "11223344552",
        "address": "789 Seller Blvd, City, Country",
        "description": "Найдите для себя устройства, которые превращают любое пространство в центр развлечений. От инновационных аудиосистем до революционных световых решений, МегаГаджет предлагает продукты, которые изменят ваше представление о домашнем комфорте"
    }
},
{
    "model": "shop.seller",
    "pk": 4,
    "fields": {
        "user": 6,
        "name": "ЭкоДом",
        "thumbnail": "",
        "email": "contact-seller4@example.com",
        "phone": "22334455664",
        "address": "101 Seller Lane, City, Country",
        "description": "Экологичные и энергоэффективные товары для сознательных потребителей. ЭкоДом специализируется на продуктах, которые снижают ваш экологический след и помогают экономить на счетах за электричество, не жертвуя при этом стилем или функциональностью."
    }
},
{
    "model": "shop.seller",
    "pk": 5,
    "fields": {
        "user": 7,
        "name": "ТехноСити",
        "thumbnail": "",
        "email": "contact-seller5@example.com",
        "phone": "55667788993",
        "address": "102 Seller Road, City, Country",
        "description": "Город технологий у вас дома. ТехноСити предлагает товары, которые интегрируются с последними технологическими достижениями, обеспечивая безупречную работу и современный вид вашего жилища."
    }
},
{
    "model": "shop.sellerproduct",
    "pk": 1,
    "fields": {
        "seller": 5,
        "product": 36,
        "price": "200.00",
        "quantity": 3,
        "created_at": "2024-07-04T20:06:04.067Z"
    }
},
{
    "model": "shop.sellerproduct",
    "pk": 2,
    "fields": {
        "seller": 5,
        "product": 32,
        "price": "220.00",
        "quantity": 4,
        "created_at": "2024-07-04T20:06:04.067Z"
    }
},
{
    "model": "shop.sellerproduct",
    "pk": 3,
    "fields": {
        "seller": 5,
        "product": 34,
        "price": "180.00",
        "quantity": 2,
        "created_at": "2024-07-04T20:06:04.067Z"
    }
},
{
    "model": "shop.sellerproduct",
    "pk": 4,
    "fields": {
        "seller": 3,
        "product": 17,
        "price": "150.00",
        "quantity": 5,
        "created_at": "2024-07-04T20:06:04.067Z"
    }
},
{
    "model": "shop.sellerproduct",
    "pk": 5,
    "fields": {
        "seller": 3,
        "product": 18,
        "price": "180.00",
        "quantity": 3,
        "created_at": "2024-07-04T20:06:04.067Z"
    }
},
{
    "model": "shop.sellerproduct",
    "pk": 6,
    "fields": {
        "seller": 3,
        "product": 80,
        "price": "80.00",
        "quantity": 5,
        "created_at": "2024-07-04T20:06:04.067Z"
    }
},
{
    "model": "shop.sellerproduct",
    "pk": 7,
    "fields": {
        "seller": 3,
        "product": 79,
        "price": "90.00",
        "quantity": 2,
        "created_at": "2024-07-04T20:06:04.067Z"
    }
},
{
    "model": "shop.sellerproduct",
    "pk": 8,
    "fields": {
        "seller": 2,
        "product": 55,
        "price": "100.00",
        "quantity": 9,
        "created_at": "2024-07-04T20:06:04.067Z"
    }
},
{
    "model": "shop.sellerproduct",
    "pk": 9,
    "fields": {
        "seller": 2,
        "product": 53,
        "price": "120.00",
        "quantity": 8,
        "created_at": "2024-07-04T20:06:04.067Z"
    }
},
{
    "model": "shop.sellerproduct",
    "pk": 10,
    "fields": {
        "seller": 2,
        "product": 52,
        "price": "500.00",
        "quantity": 6,
        "created_at": "2024-07-04T20:06:04.067Z"
    }
},
{
    "model": "shop.sellerproduct",
    "pk": 11,
    "fields": {
        "seller": 5,
        "product": 44,
        "price": "300.00",
        "quantity": 12,
        "created_at": "2024-07-04T20:06:04.067Z"
    }
},
{
    "model": "shop.sellerproduct",
    "pk": 12,
    "fields": {
        "seller": 5,
        "product": 42,
        "price": "600.00",
        "quantity": 8,
        "created_at": "2024-07-04T20:06:04.067Z"
    }
},
{
    "model": "shop.sellerproduct",
    "pk": 13,
    "fields": {
        "seller": 5,
        "product": 43,
        "price": "200.00",
        "quantity": 20,
        "created_at": "2024-07-04T20:06:04.067Z"
    }
},
{
    "model": "shop.sellerproduct",
    "pk": 14,
    "fields": {
        "seller": 4,
        "product": 67,
        "price": "80.00",
        "quantity": 14,
        "created_at": "2024-07-04T20:06:04.067Z"
    }
},
{
    "model": "shop.sellerproduct",
    "pk": 15,
    "fields": {
        "seller": 4,
        "product": 68,
        "price": "90.00",
        "quantity": 8,
        "created_at": "2024-07-04T20:06:04.067Z"
    }
},
{
    "model": "shop.sellerproduct",
    "pk": 16,
    "fields": {
        "seller": 4,
        "product": 76,
        "price": "130.00",
        "quantity": 6,
        "created_at": "2024-07-04T20:06:04.067Z"
    }
},
{
    "model": "shop.sellerproduct",
    "pk": 17,
    "fields": {
        "seller": 2,
        "product": 33,
        "price": "300.00",
        "quantity": 6,
        "created_at": "2024-07-04T20:06:04.067Z"
    }
},
{
    "model": "shop.sellerproduct",
    "pk": 18,
    "fields": {
        "seller": 4,
        "product": 20,
        "price": "450.00",
        "quantity": 3,
        "created_at": "2024-07-04T20:06:04.067Z"
    }
},
{
    "model": "shop.sellerproduct",
    "pk": 19,
    "fields": {
        "seller": 5,
        "product": 39,
        "price": "50.00",
        "quantity": 13,
        "created_at": "2024-07-04T20:06:04.067Z"
    }
},
{
    "model": "shop.sellerproduct",
    "pk": 20,
    "fields": {
        "seller": 5,
        "product": 37,
        "price": "250.00",
        "quantity": 8,
        "created_at": "2024-07-04T20:06:04.067Z"
    }
},
{
    "model": "shop.sellerproduct",
    "pk": 21,
    "fields": {
        "seller": 5,
        "product": 42,
        "price": "600.00",
        "quantity": 5,
        "created_at": "2024-07-04T20:06:04.067Z"
    }
},
{
    "model": "shop.sellerproduct",
    "pk": 22,
    "fields": {
        "seller": 5,
        "product": 31,
        "price": "1000.00",
        "quantity": 4,
        "created_at": "2024-07-04T20:06:04.067Z"
    }
},
{
    "model": "shop.sellerproduct",
    "pk": 23,
    "fields": {
        "seller": 5,
        "product": 30,
        "price": "1200.00",
        "quantity": 2,
        "created_at": "2024-07-04T20:06:04.067Z"
    }
},
{
    "model": "shop.sellerproduct",
    "pk": 24,
    "fields": {
        "seller": 4,
        "product": 25,
        "price": "150.00",
        "quantity": 4,
        "created_at": "2024-07-04T20:06:04.067Z"
    }
},
{
    "model": "shop.sellerproduct",
    "pk": 25,
    "fields": {
        "seller": 1,
        "product": 25,
        "price": "160.00",
        "quantity": 3,
        "created_at": "2024-07-04T20:06:04.067Z"
    }
},
{
    "model": "shop.sellerproduct",
    "pk": 26,
    "fields": {
        "seller": 1,
        "product": 27,
        "price": "140.00",
        "quantity": 4,
        "created_at": "2024-07-04T20:06:04.067Z"
    }
},
{
    "model": "shop.sellerproduct",
    "pk": 27,
    "fields": {
        "seller": 5,
        "product": 26,
        "price": "160.00",
        "quantity": 1,
        "created_at": "2024-07-04T20:06:04.067Z"
    }
},
{
    "model": "shop.sellerproduct",
    "pk": 28,
    "fields": {
        "seller": 5,
        "product": 23,
        "price": "90.00",
        "quantity": 4,
        "created_at": "2024-07-04T20:06:04.067Z"
    }
},
{
    "model": "shop.cart",
    "pk": 1,
    "fields": {
        "user": 1
    }
}
]
